,BRNN,CNN_LSTM,CNN_Res,GRU,Inception,LSTM,RNN,Optional1_GRU,Optional1_LSTM,Optional1_RNN,Optional2_GRU,Optional2_LSTM,Optional2_RNN,Optional3_GRU,Optional3_LSTM,Optional3_RNN
Accuracy,0.9838543455857094,0.9776709034695981,0.8965991068361387,0.908278941944349,0.7220886293369976,0.9673651666094125,0.9103400893163861,0.9141188594984542,0.8402610786671247,0.7293026451391275,0.9934730333218825,0.9910683613878393,0.7220886293369976,0.9412572998969426,0.9694263139814496,0.7272414977670904
AUCROC,0.9961805755657982,0.9899630583151722,0.9552765686690761,0.9530643015833999,0.5,0.9925240426740557,0.9613411913311122,0.960278573940411,0.9043908973618626,0.723128776055296,0.9976954081050597,0.9986903990431151,0.6934869257485071,0.9805376949847047,0.9890612742705457,0.7200264860471928
AUCPRC,0.9980695001459468,0.9947448486542665,0.981130731760451,0.977858615327293,0.8610443146684987,0.9964292055060718,0.9829478547762807,0.9836161438128211,0.9572946975561522,0.8792034770615825,0.9987031167389782,0.9993833092351135,0.8625709544551837,0.9914230317055335,0.9934508761933325,0.8793463889911791
