,BRNN,CNN_LSTM,CNN_Res,GRU,Inception,LSTM,RNN
Accuracy,0.9838543455857094,0.9776709034695981,0.8965991068361387,0.908278941944349,0.7220886293369976,0.9673651666094125,0.9103400893163861
AUCROC,0.9961805755657982,0.9899630583151722,0.9552765686690761,0.9530643015833999,0.5,0.9925240426740557,0.9613411913311122
AUCPRC,0.9980695001459468,0.9947448486542665,0.981130731760451,0.977858615327293,0.8610443146684987,0.9964292055060718,0.9829478547762807
